{
    "name": "Swarmpit.io",
    "description": "Lightweight Docker Swarm Management UI website",
    "repository": {
        "url": "https://github.com/swarmpit/swarmpit.io",
        "license": "MIT",
        "tests": "https://travis-ci.org/swarmpit/swarmpit.io/"
    },
    "participate": {
        "irc": "irc://irc.gitter.im/#swarmpit_io/swarmpit",
        "irc-contacts": [
            "rarous"
        ]
    },
    "bugs": {
        "list": "https://github.com/swarmpit/swarmpit.io/issues",
        "report": "https://github.com/swarmpit/swarmpit.io/issues/new"
    },
    "urls": {
        "prod": "https://swarmpit.io"
    },
    "keywords": [
        "bootstrap",
        "html5",
        "less",
        "jquery",
        "cloudinary"
    ]
}
